Exam,Mean,Median,Standard Deviation
endsem,26.8333,10.5,33.558
midsem,22.3333,3.5,30.9552
quiz1,2.83333,2,2.96742
quiz2,80.5,6.5,163.654
